1,aaa,1111,F,375-279-0519,gtreend0@freewebs.com
2,bbb,2222,F,925-375-6116,bkolakovic1@aol.com
3,ccc,3333,M,274-323-6624,sgreener2@tripadvisor.com
4,Kermie,6281,M,943-522-0695,kstollenbeck3@e-recht24.de
5,Briant,5853,M,966-196-6833,bcoughtrey4@dell.com
6,Paul,8738,M,938-885-6926,pbroker5@jugem.jp
7,Oliy,5567,F,818-736-9562,odagostino6@freewebs.com
8,Kelbee,1956,M,480-556-3632,kmullarkey7@answers.com
9,Cecily,4808,F,385-861-1725,ccarbin8@dagondesign.com
10,Ambur,6960,F,106-322-2104,afarrow9@flavors.me
11,Cherise,2941,F,420-887-0478,civanchova@adobe.com
12,Rosemarie,4013,F,749-108-9199,rspridgenb@wikispaces.com
13,Annis,2992,F,400-346-2108,amorewoodc@google.ca
14,Cecelia,7775,F,997-466-4628,cronaghand@blogtalkradio.com
15,Mala,6491,F,908-593-4326,mglandone@aboutads.info
16,Barnabe,7276,M,484-591-5251,blinkletf@slideshare.net
17,Wainwright,3154,M,691-910-0224,wsybryg@ox.ac.uk
18,Lexy,3408,F,993-860-7949,llanglaish@mashable.com
19,Worthy,7176,M,247-502-1232,wpriggi@parallels.com
20,Teodoor,7076,M,948-365-6878,tgudyerj@printfriendly.com
21,Shena,7023,F,622-349-1740,swaterhowsek@prnewswire.com
22,Courtney,6432,F,476-459-8601,ckegginl@go.com
23,Renado,5036,M,438-575-8307,rphythianm@ask.com
24,Teador,6576,M,351-204-5662,tconingn@macromedia.com
25,Anastasie,2836,F,325-397-3628,avansono@disqus.com
26,Mackenzie,9005,M,968-131-2367,mkenfordp@hao123.com
27,Donelle,9998,F,372-904-4595,dadanq@hibu.com
28,Benjy,8902,M,416-295-4115,bzanninir@baidu.com
29,Sonnnie,8247,F,225-997-5451,spowiss@apple.com
30,Oralia,2465,F,904-745-6842,obanet@gov.uk
31,Torr,7171,M,696-159-2626,thaviku@ustream.tv
32,Dilly,3054,M,127-381-8628,dbuckinghamv@google.com.br
33,Noble,3052,M,243-343-8665,nhaselw@sakura.ne.jp
34,Jozef,7967,M,180-697-4479,jculverx@amazon.co.uk
35,Donelle,3957,F,431-117-8042,demanueliy@google.com
36,Dewey,2563,M,127-332-9446,dhemsteadz@barnesandnoble.com
37,Donnell,6004,M,709-585-5129,dwardall10@netvibes.com
38,Lanie,2541,F,170-490-2195,lmealiffe11@posterous.com
39,Forrester,9498,M,585-346-0131,fcheake12@yahoo.com
40,Gardie,3084,M,514-405-7447,gfulham13@wikipedia.org
41,Sosanna,4655,F,482-231-7259,sadrienne14@scientificamerican.com
42,Maxie,1356,F,640-643-0528,mhambling15@newyorker.com
43,Clerc,2841,M,168-914-9799,cmafham16@soundcloud.com
44,Franky,5634,F,189-512-8066,fallewell17@jiathis.com
45,Iorgos,3880,M,870-688-1790,ipietroni18@woothemes.com
46,Rowena,1993,F,201-757-5397,rcandish19@blogger.com
47,Cicely,6460,F,162-596-6748,ccorben1a@usa.gov
48,Brewer,3280,M,776-535-3925,bdemattia1b@unicef.org
49,Corly,5421,F,199-307-3592,clarne1c@slashdot.org
50,Harriett,9188,F,635-848-9351,hfishe1d@ihg.com
51,Nathalie,8541,F,964-486-1086,ngabler1e@berkeley.edu
52,Jarret,9114,M,920-850-1717,jtanti1f@google.ca
53,Trula,6419,F,650-956-7244,tcheeseman1g@prweb.com
54,Karil,5081,F,344-599-2813,kcoleman1h@microsoft.com
55,Vincents,2159,M,682-216-0026,vdeppe1i@webeden.co.uk
56,Lavinia,8796,F,669-976-8641,ltrevan1j@lulu.com
57,Lotte,3943,F,531-541-5409,lcaine1k@ocn.ne.jp
58,Stanislaw,8380,M,657-754-6173,sflinders1l@skype.com
59,Antoine,8600,M,414-886-5645,avedeniktov1m@paginegialle.it
60,Jenna,4211,F,188-118-5669,jduferie1n@multiply.com
61,Clementia,6359,F,245-738-6837,cchrismas1o@msu.edu
62,Izak,3986,M,442-492-1314,ishrawley1p@360.cn
63,Zenia,9964,F,512-746-1658,zbolletti1q@blogtalkradio.com
64,Kelsy,4591,F,348-397-2195,kkordt1r@cnn.com
65,Ann-marie,5797,F,669-285-1267,aklesl1s@eepurl.com
66,Caralie,5420,F,848-513-9753,cscarff1t@unc.edu
67,Mathias,8147,M,462-110-5551,mweatherley1u@dmoz.org
68,Shauna,4561,F,801-385-1048,sglaisner1v@cpanel.net
69,Kandace,8350,F,516-100-9873,kgarred1w@nydailynews.com
70,Erroll,8988,M,969-804-1506,eseeborne1x@wikimedia.org
71,Gallagher,3308,M,837-195-1688,gfoxhall1y@ocn.ne.jp
72,Hubert,9854,M,673-370-1580,hgrix1z@webeden.co.uk
73,Gene,9298,F,640-790-0385,ggravet20@boston.com
74,Arther,5789,M,145-603-7296,anoe21@msn.com
75,Orren,9344,M,718-935-0365,ocoldwell22@eventbrite.com
76,Morrie,1600,M,349-853-6030,mwile23@webs.com
77,Lurleen,5634,F,222-735-6295,lbaccas24@usa.gov
78,Rollo,7110,M,763-820-2601,rtheurer25@twitter.com
79,Alli,4812,F,989-865-3016,asmedmoor26@gov.uk
80,Sabra,2775,F,824-413-3814,scruddas27@blogger.com
81,Camey,1208,M,251-120-5579,cbason28@apache.org
82,Noach,3863,M,249-766-2476,nsutton29@quantcast.com
83,Noak,4324,M,653-236-1783,ndabel2a@mapquest.com
84,Raye,9243,F,577-938-1867,rscally2b@naver.com
85,Lowrance,1839,M,358-701-9335,lrobillart2c@printfriendly.com
86,Archaimbaud,7844,M,564-983-6163,amateescu2d@privacy.gov.au
87,Farris,6801,M,534-801-2480,fsenecaux2e@npr.org
88,Adella,4562,F,398-368-7820,acastree2f@mtv.com
89,Cindelyn,3023,F,647-946-0136,cgelly2g@networkadvertising.org
90,Oswald,8748,M,753-721-3108,ostitwell2h@bing.com
91,Talya,7594,F,908-282-6149,tmosdall2i@biblegateway.com
92,Donnamarie,3556,F,335-784-9187,dfinlry2j@nbcnews.com
93,Maybelle,9522,F,817-108-6626,mstalf2k@amazon.com
94,Clarice,7466,F,799-655-5417,cpalay2l@lycos.com
95,Jasper,9141,M,488-370-3529,jlashley2m@timesonline.co.uk
96,Jane,5979,F,699-556-8097,jgerrans2n@smh.com.au
97,Page,5879,M,135-442-2749,pparnall2o@skype.com
98,Alexandro,3910,M,157-570-9625,aboykett2p@japanpost.jp
99,Cherlyn,1537,F,196-566-9472,ccruise2q@joomla.org
100,Corbin,7925,M,490-428-8463,cbravington2r@woothemes.com
