,title,category,content
0,PLAVE/활동,PLAVE아이돌/활동,대한민국의 5인조 버추얼 보이그룹 PLAVE의 활동을 정리한 문서이다.
1,분류:치지직 스트리머,플랫폼별 인터넷 방송인치지직,"말러의 교향곡 4번은 구스타프 말러의 네 번째 교향곡으로, 1899~1900년에 걸쳐 작곡되었다. 그리고 이 교향곡은 ""뿔피리 3부작""[1]의 마지막 작품이기도 한데, 실제로 이 곡의 작곡 또한 ""어린이의 이상한 뿔피리""와 앞선 3번 교향곡과 깊은 연관을 가지고 있다.특이하게도 4번 교향곡은 말러가 3번 교향곡에서도 활용한바 있던 1892년에 작곡된 가곡 '천국의 삶'의 멜로디를 단순히 사용한게 아닌, 그 멜로디를 발전,확장시킨 작품이라는 점에서 독특하다고 할 수 있는데, 또한 4번 교향곡에선 '천국의 삶'의 주제가 마지막 악장에 쓰인다. 더욱이 일반적인 말러의 교향곡들이 1악장을 중심으로 1악장의 주제가 이후 악장들에서도 간간히 등장하는 경향이 있으나, 4번 교향곡은 마지막 악장의 주제가 다른 악장들에 인용된다. 실제로 작곡자인 말러 자신도 ""마지막 악장은 피라미드의 꼭대기""라고 말하며 마지막 악장의 '천국의 삶'이 이 작품에서 가장 중요함을 역설했다.말러의 교향곡 중에서 길이도 가장 짧고, 멜로디도 간결한 편인 데다가 분위기도 즐겁기 때문에 말러 입문곡으로 자주 추천되곤 하는 작품이다. "
2,교향곡 제4번(말러),1901년 작품구스타프 말러의 작품,"루카 구아다니노 감독 연출, 대니얼 크레이그 주연의 퀴어 영화.소설가 윌리엄 S. 버로스의 동명의 소설을 원작으로 한 작품이다."
3,퀴어(영화),루카 구아다니노미국의 드라마 영화이탈리아의 드라마 영화미국의 퀴어 영화이탈리아의 퀴어 영화미국의 로맨스 영화이탈리아의 로맨스 영화미국의 독립영화소설 원작 영화공개 예정 영화,"브롤스타즈의 브롤러 별 성능과 입지를 주관적으로 정리한 문서이다.브롤스타즈에서는 각기 다른 브롤러를 선택하여 게임에 임하게 된다. 때문에 게임의 밸런스를 위해서는 각 브롤러의 성능이 어느 정도 동등하거나 상성 등이 존재하여 어떤 브롤러든 성능이 일정하게 유지되어야 한다. 그러나 성능이 지나치게 좋거나 떨어지는 브롤러가 존재하여, 강력한 브롤러가 특정 모드 혹은 특별 이벤트를 제외한 대부분의 모드[2]에서 범용성이 높거나 좋은 일반/특수 공격, 스타 파워, 가젯 등을 가져 압도적인 모습을 보여준다. 반대로 성능이 떨어지는 브롤러들의 경우 특정 모드 혹은 모든 모드에서 좋지 못한 모습을 보이며, 높은 난이도, 많은 카운터, 저열한 성능 등의 이유로 인해 픽률이 낮고 해당 브롤러가 있는 팀이 불리해지는 경향이 있다.[3][4]"
4,브롤스타즈/팁/브롤러 별 티어,브롤스타즈,울산광역시 시내버스 노선 중 하나.
5,틀:고전역학,둘러보기 틀/물리학,"악당/캐릭터의 유형. 문서명에서 보다시피 기본적으로 누군가의 밑에서 악행을 저지르는데, 그 윗사람(이하 상사)은 대개 악당인 경우가 많지만 드물게 선인이거나 제3자인 경우도 있다. 후자의 경우 그 선인이나 제3자의 이름을 방패로 삼으면서 활동하기 때문에 비난은 애꿏은 상사가 뒤집어쓰는 경우가 많고, 보통 그 사실이 밝혀지면 부하형 악당은 십중팔구 체포되거나 끔살당한다.윗사람과는 정식으로 상하관계를 맺거나 돈 등의 특정 수단에 의해서만 연결되지만, 부하형 악당의 실질적인 행보나 운명은 상사가 어떤 속성을 지니고 있느냐에 따라 크게 바뀐다. 가령 아무리 부하가 공을 세워도 꼴보기 싫다며 목을 날려버리면 도망가거나 후폭풍을 피하기 위해 아군에게 투항하거나 선역이 되는(@) 수밖에 없다. 도망갔다면 다른 악당 세력에 투항하여 재기를 꿈꾸지만, 대부분 실패하여 핫도그 리어카나 끌면서 남은 여생을 살아가는 경우가 많다.[1] 반대로 상사의 능력이나 인덕에 감화되어 문자 그대로 목숨 걸고 충성하는 무서운 부류도 있는데 이 경우 상사부터 부하형 악당 본인에 이르기까지 조직 전체의 이미지가 상승하기도 한다. 물론 악당이기 때문에 아무 의미없지만.다른 악당이나 상사와 마찬가지로 부하형 악당 역시 하나의 독립된 캐릭터이기 때문에, 상사와 관계가 있든 없든 특이한 개성을 지니기도 한다. 가령 상사가 매드 사이언티스트라면 부하는 그가 만든 로봇/인공 생명체인 식.유형을 분석해 보면 다음과 같다.(A) 특정 대상에게 절대적으로 복종하는 유형가장 흔한 유형이다. 고전 작품에서는 최종보스에게만 초점을 맞추다 보니 그 부하들은 맹목적으로 충성할 뿐 딱히 개성이 없었지만, 현대에 오면서 아래의 C 유형처럼 배신자 등 속성이 다양해지자 그 고전적인 충성이 하나의 속성으로 인정받은 경우이다. 필요하다면 목숨까지 바쳐서 오로지 상사의 명령만을 따르며, 경우에 따라선 배신자 속성을 지닌 동료 부하들을 경멸하기도 한다. 그렇게 '충성을 위해 어디까지 할 수 있는지'를 주로 보여주지만 다른 속성에 비해 밋밋한 건 사실이라, 이를 부각시키기 위해 다른 동료들은 모조리 미치광이로 만들고 해당 속성의 부하만 충성형으로 만들어 나만 정상인 기믹을 부여해 차별화하기도 한다. 다만 진심으로 충성하진 않고, 상사에게 강제로 복종당하는 경우도 있다.(B) 본인의 소신대로 움직이는 유형살인청부업자나 용병처럼 철저히 계약관계, 또는 부하 위치에 있지만 자신만의 소신을 확실하게 가지고 있다. 둘 다 상사보다는 돈(전자)이나 자신의 직관(후자)을 따르는지라, A 유형에 비해 상사와의 관계가 약해서 언제든지 배신할 가능성이 높다. 그리고 '이건 계약에 들어 있지 않았다'거나 '내 신념상 이런 짓은 할 수 없다'면서 상사의 계획에 적극적으로 동참하지 않은 탓인지, 아군이 되어도 큰 문제가 없거나 면죄부를 받고 퇴장하기도 쉽다. 무엇보다 이 유형은 상사의 속성에 물들기보다 개성을 추구하기 때문에 잘만 다듬으면 아군이든 진 최종 보스든 무슨 역할을 맡아도 굉장히 멋져보이는 효과가 있다.(C) 자신의 생존이나 이득을 가장 중요시 하는 유형자신의 목적을 위해 소속을 갈아치우는 데에 전혀 거리낌이 없거나, 목적을 위해서 부하인 척하고 악당의 밑으로 들어갔다가 막판에 통수를 치니[2] 명실상부한 배신이다. 역사적으로도 창작물에서도 이런 소악당(소위 철새)은 오래가지 못하고 여기저기서 팽당해 죽는 경우가 많지만, 경우에 따라 하극상에 성공하면 진 최종 보스까지 등극할 수도 있다. 다만 정말로 생존을 위해 수단방법을 가릴 틈이 없는 가련한 이중첩자이거나 처음부터 무소속이라 배신한 적도 없는 트롤러 유형도 존재한다. 가장 어처구니없는데다 무서운 경우는 특정 조직의 내부 분열을 위해 부하로 잠입한 경우. 이 정도면 지능이 굉장히 좋다는 뜻이므로 지능형에도 들어간다.(D) 세뇌, 배신, 인지부조화에 사로잡힌 유형타락형과 연계되는 적이 된 아군 유형. 원래는 동료나 조력자 혹은 지인이었지만, 적의 유혹에 넘어가거나(세뇌) 본인이 반감을 품고(배신) 적이 되어 주인공 일행과 싸우게 된다. 혹은 동료로 회귀하긴 했는데 '언제까지 내 과거를 물고 늘어질 셈이냐'라며 뒤끝을 남기기도(인지부조화) 한다.[3] 어느 쪽이든 주인공 일행과 가까우면 가까울수록 주는 충격도 배가 된다. 적어도 전자는 세뇌가 풀려 다시 동료가 될 가능성도 없잖아 있지만, 배신의 경우는 굉장히 뒤끝이 안 좋은 경우가 많다. 그저 이 녀석도 사실은 불쌍한 녀석이었어를 사용하여 최대한 배신에 이유를 부여하는 것 정도가 고작이다. 동료로 들어왔으나 과거에 대해 언급하길 꺼리는 3번째 유형도 마찬가지. 그 이상 나아가면 악역 미화라는 비판을 피하기 어렵기 때문. 반면 세뇌의 경우는 세뇌가 풀릴 것을 미리 염두에 뒀기 때문인지 결말도 깔끔하게 내기 쉽고, 나를 죽여줘 등 독자의 눈물샘을 쥐어짜는 방법도 어마어마하다. 정말로 해당 캐릭터를 죽이고 주인공 일행이 슬퍼하는 모습을 그리면 그야말로 모두가 울게 만들 수 있다. 하지만 세뇌를 풀고 살려서 다시 동료로 받아줬을 경우, '눈물로 퉁치고 넘어갈 셈이냐'라며 비판을 받을 수도 있다. 그래서 살리더라도 능력치나 등장 분량을 줄여서 페널티를 줘서 논란거리를 줄이는 경우가 많다."
6,울산 버스 743,울산광역시의 시내버스2018년 개업한 버스 노선,로블록스의 Bee Swarm Simulator 아이템에 대한 내용이다. 장비는 장비문서 참고.
7,악당/캐릭터/부하형,빌런의 유형,대한민국의 수원 FC 소속 축구선수. 포지션은 공격수다..
8,Bee Swarm Simulator/아이템,Bee Swarm Simulator,〈더 퍼스트 슬램덩크〉의 흥행을 정리한 문서.
9,강민성(2005),2005년 출생대한민국의 남자 축구 선수스트라이커윙어수원 FC/현역,뉴욕 양키스 소속 우완 선발 투수.
10,더 퍼스트 슬램덩크/흥행,슬램덩크/애니메이션흥행,"2024년 5월 31일 발매된 ARTMS의 첫 정규 앨범이자, 완전체 정식 데뷔작이다."
11,루이스 힐,도미니카 공화국의 야구 선수1998년 출생2021년 데뷔아수아 주 출신 인물우완 투수우투우타뉴욕 양키스/현역,"잘아타스Xal'atath종족불명[1]명칭공허의 전령[2]Harbinger of the Void검은 제국의 비수Blade of the Black Empire성별여성지역티리스팔 숲 · 황천빛 사원 · 쿨 티라스 및 잔달라 이곳저곳, 이후 불명성우 클로디아 크리스천[3] 오길경군단 시점까지 그녀가 봉인되어 있던 잘아타스 - 검은 제국의 비수는 티탄벼림보다도 이전 시기인 검은 제국 시대의 무기로, 공허의 힘을 품은 극도로 위험하고 강력한 단검이다.군단 확장팩에서 대사제는 공허의 힘으로 불타는 군단을 상대하기 위해, 이 비수와 조우하게 된다.군단에서부터 용군단에 이르기까지 플레이어를 가지고 놀면서 음험한 뒷공작을 꾸미고 있는 듯한 수수께끼 같은 면모로 인해, 현재 워크래프트 사가의 차기 주요 빌런으로 가장 유력하게 꼽히는 존재들 중 하나이다."
12,Dall,ARTMS/음반2024년 데뷔 음반한국의 음반한국 댄스 음반출시 예정 음반,온라인 게임 메이플스토리의 직업. 비스트테이머 직업군이 삭제되면서 신규 직업으로 추가되었다.
13,잘아타스,워크래프트 시리즈/등장인물월드 오브 워크래프트/아이템사제(워크래프트 시리즈)고대 신,1681년 양양 근해 대지진은 1681년(숙종 7년) 6월 12일과 6월 26일 두 차례에 걸쳐서 발생한 규모 M6~7급의 대지진이다. 특히 1681년 6월 26일 발생한 지진은 화산성 지진을 제외하면 한반도 사상 최대규모의 지진이다.[3]
14,린(메이플스토리),메이플스토리/직업/마법사,"기원전 2025년부터 기원전 1763년까지 262년 동안 지속된 메소포타미아 문명의 시대구분.우르 제3왕조가 무너진 후 두 대도시였던 이신과 라르사가 서로 경쟁하면서 패권을 겨루던 시기를 의미한다. 결국 이신과 라르사 양측 모두 서로를 꺾는 데는 실패했고, 함무라비 대왕의 고바빌로니아가 메소포타미아 전역을 통일하면서 종결되었다."
15,1681년 양양 대지진,지진/대한민국조선(17세기)18세기 이전 지진양양군의 사건사고,"2024년 5월 31일 발매된 ARTMS의 첫 정규 앨범이자, 완전체 정식 데뷔작이다."
16,이신-라르사 시대,메소포타미아 문명,대한민국의 모델 출신 배우.
17,Dall,ARTMS/음반2024년 데뷔 음반한국의 음반한국 댄스 음반출시 예정 음반,"2024년 5월 31일 발매된 ARTMS의 첫 정규 앨범이자, 완전체 정식 데뷔작이다."
18,변우석,한국 남배우한국의 드라마 배우1991년 출생2016년 데뷔파주시 출신 인물모델 출신 배우우신고등학교(서울) 출신Weverse 입점 아티스트,"曽田正人(そだ まさひと) 1968년 6월 18일 도쿄도 분쿄구생. 데뷔 1990년 뛰어난 재능과 함께 광기에 가까운 집념을 지닌 천재를 주인공으로 내세우며, 주인공과 그 주변을 그려내는 작품을 그리고 있다. 이 천재에 대한 묘사가 단순히 인간의 능력이 극도로 개방·발달된 상태가 아닌, 인간이 아예 가질 수 없는 새로운 감각을 내용 전개가 클라이막스를 향할 때 그 절정을 찍는 방식으로 그리고 있다. 건담의 아버지인 토미노 요시유키가 뉴타입을 묘사하는 바와 거의 흡사하다. 단, 토미노가 그 능력이 세상의 부조리를 타파할 열쇠로서 기능하도록 하는 장치로 본다면 소다 마사히토는 천재로 살아가는 주인공의 삶 자체에 집중하여 한 인간의 완성을 파고드는 것에만 만족한다.작품 활동 중에는 취재를 자주 나가며 그 덕에 세세한 디테일이 잘 살아있는 게 일품. 많은 작품에서 은연중에 '일본 최고', '동양의 선각자'라는 우월의식이 드러나고 주인공의 기행에 가까운 고집에 주변이 휘둘리지만 그 결과는 긍정적이라는 레퍼토리를 30년간 돌려쓰고 있다는 것이 단점. 작가도 이를 인지하고 텐프리즘과 구국의 오렌지에선 천재적인 재능을 주,조연에게 분산시킨 군상극으로 작품을 전개해봤지만 반응이 그리 신통치는 않다.스크린톤을 사용하지 않고 먹선으로 음영을 넣는 특징이 있다."
19,Dall,ARTMS/음반2024년 데뷔 음반한국의 음반한국 댄스 음반출시 예정 음반,"지중해 남부의 숨겨진 보물과 같은 아름다운 올리브의 나라 튀니지 북서쪽 Testour 해발 700m 사람들이 발길이 닿지 않는 청정한 무공 자연환경을 자랑하는 도멘아도니스 올리브농장.[1]도멘아도니스는 도멘Domaine은 프랑스어로 농업, 아도니스는 Adonis는 그리스 신화의 [아도니스]를 상징하며 농업의 신이라는 뜻을 가지고 있다. 아도니스는 [아프로디테]와 페르세포네의 사랑을 받은 신으로 죽음과 부활을 상징하며, 셈어로는 군주, 주인이라는 뜻을 가지고 있으며 히브리어로는 나의 신을 의미한다. 힘들었던 역사 속에서 올리브나무는 튀니지인들에게 아낌없이 주는 나무이자 삶의 동반자를 의미하며 튀니지 그 자체이다."
20,강유진,동명이인,Bee Swarm Simulator의 모든 메카닉을 다루는 문서.
21,소다 마사히토,1968년 출생분쿄구 출신 인물1990년 데뷔,"브롤스타즈의 브롤러 별 성능과 입지를 주관적으로 정리한 문서이다.브롤스타즈에서는 각기 다른 브롤러를 선택하여 게임에 임하게 된다. 때문에 게임의 밸런스를 위해서는 각 브롤러의 성능이 어느 정도 동등하거나 상성 등이 존재하여 어떤 브롤러든 성능이 일정하게 유지되어야 한다. 그러나 성능이 지나치게 좋거나 떨어지는 브롤러가 존재하여, 강력한 브롤러가 특정 모드 혹은 특별 이벤트를 제외한 대부분의 모드[2]에서 범용성이 높거나 좋은 일반/특수 공격, 스타 파워, 가젯 등을 가져 압도적인 모습을 보여준다. 반대로 성능이 떨어지는 브롤러들의 경우 특정 모드 혹은 모든 모드에서 좋지 못한 모습을 보이며, 높은 난이도, 많은 카운터, 저열한 성능 등의 이유로 인해 픽률이 낮고 해당 브롤러가 있는 팀이 불리해지는 경향이 있다.[3][4]"
22,도멘아도니스,농업,"기원 (Origin)이란 제국의 근간으로, '이 종족이 은하로 진출하기까지 무슨 일을 겪었는지'에 대한 배경 설정이라 할 수 있다. 단순히 본인들의 발전 끝에 은하로 나왔든, 본 모성에서 떨어져 나와 새로운 행성에 착륙했든, 어떤 외계인들에 의해 강제로 계몽 및 속국화되어 우주에 진출했든지와 같은 이야기들이 해당된다. 게임 시작 전 제국을 생성할 때 오직 한 가지 기원만 선택할 수 있으며, 플레이어가 앞으로 해당 제국을 어떤 방향으로 통치할 것인지에 대한 이정표가 되어 준다.[1]고유기원으로 분류되는 기원은 한 게임에 한 제국만이 가질 수 있는 기원으로 플레이어가 선택했다면 다른 랜덤 생성 AI 제국은 동일한 기원을 가질 수 없다. 하지만 프리셋 제국을 만들고 반드시 출현하게 설정했다면 중복돼서 나올 수 있다.고유성계는 부서진 링 기원의 경우처럼 모성계가 특정한 형태일것을 요구하는 기원이나 솔 또는 데네브 성계 스폰이 확정인 지구 국제 연합이나 인류 연방처럼 고정 지정된 성계에서 시작하게 설정된 것을 말하며 반드시 출현하게 설정해도 중복돼서 나올 수가 없다. 즉, 부서진 링 기원을 가진 제국을 두 개 만들고 고정 출현하게 해도 하나만 나오게 되며 지구 국제 연합과 지구 관리단이 같이 나오는 일은 없다.원시문명 가능은 FTL 이전 문명이 해당 기원을 가지고 출현할 수 있는 기원이다. 가이아 월드인 생명 파종, 강화 해양행성인 해양 낙원, 부서진 링 등이 이에 해당된다. 물론 고유성계 기원은 중복되지 않아서 다른 플레이어가 해당 기원을 들고 올 경우 출현하지 않는다.랜덤 생성 AI 제국은 생성 시 적당히 선택되는데 고유 기원들이 많고 디폴트인 번영한 통합의 가중치가 높아서 번영한 통합이 자주 나온다. 원시 종족은 FTL 기술 획득으로 통상 제국이 되는 시점에서 자동으로 선택하게 되는데, 자력으로 나온 건지, 기존 FTL 제국에게 계몽된 건지에 따라 조금 다르게 책정된다고 한다.스텔라리스 패치 업데이트 및 DLC 컨텐츠 상당수가 그렇듯이, 사실 창작마당 모드에서 편입된 컨텐츠다. Origin Civics, Distant Origin를 비롯해서 제국의 기원이 되는 특수시빅들을 제공하는 유명 모드들이 있었는데, 이러한 모드들의 컨텐츠를 바닐라로 편입한 것이다. 또한 기존의 바닐라 사회제도들 중 내용상 기원에 해당되는 몇 가지는 기원으로 전환되었다."
23,Bee Swarm Simulator/메카닉,Bee Swarm Simulator,낭만닥터 김사부 번외편의 등장인물. 배우는 김혜수. 김사부의 전 연인으로 기수로는 김사부의 후배이자 송현철과 동일 학번 동일 기수이며 송현철과 같은 GS 전문의이다. 송현철의 언급으로는 '악바리도 그렇게 지독한 악바리가 없었다'고 한다. 대학 졸업 이후에는 국경없는의사회에서 활동했다.
24,Dr. 베가펑크/작중 행적,Dr. 베가펑크원피스(만화)/등장인물/작중 행적,"관련 영상신경다양성(神經多樣性, Neurodiversity)은 신경증과 일부 정신증, 발달장애 등 정신질환과 그로부터 비롯된 행동양상을 장애가 아닌 비장애의 범주에 포함시키자는 운동이다. 또한 자폐적 특성이 다양한 삶의 방식의 일부라고 주장한다. 사교적인 사람도 있듯이 혼자서 무언가를 하는 것을 즐기는 것 또한 개성으로서 존중받아야 한다는 것이다.[1]신경다양성 지지자 중 일부는 자폐인들에게 도움이 필요하다는 것 자체는 부정하지 않는다. 자폐인은 일상적인 업무로 고생할 수 있으며, 자폐증은 장애라는 것을 인정한다. 그러나, 그들은 자폐인을 위한 도움이 자폐인 당사자 및 타인들에게 해롭지 않은 특징들을 억압시켜 자폐인이 ""신경전형인처럼 행동할 수 있도록"" 훈련시키거나 치료하는 것이어서는 안 된다고 말한다. 자폐적인 사람들의 경험과 자기표현을 존중하며, 자폐인의 특성도 정상적인 다양성의 범주로 이해해야 한다고 주장한다. 즉 자폐인에게 필요한 도움이란 비자폐인이 주도하는 자폐 '치료'가 아니라, 사회적 차별과 불편함 등을 해소하는 '지원'이라는 것. 서구권에서는 이러한 절충적 관점이 사회적으로도 주류가 되어가고 있다.[2]"
25,브롤스타즈/팁/브롤러 별 티어,브롤스타즈,"악당/캐릭터의 유형. 원래는 의롭거나 평범한 인물이었지만 모종의 이유로 타락해서 악당이 된 경우다. 고전 작품의 악당들이 등장부터 퇴장까지 변화가 없는 평면적인 악당인 데에 비해, 행적에 변화가 생기면서 의외의 일면을 드러내는 타락형 악당은 굉장히 현대적인 측면이 강하다. 특히 작품과 프랜차이즈의 성공을 위해선 악당도 무작정 퇴장시킬 게 아니라 최대한 등장시키면서 인기를 끌도록 만들어야 했던 외적인 측면도 있다.그 중에 가장 쉬운 방법이 악당에게 슬픈 과거를 부여하는 것인데, 여기서 '과거에는 착했다'는 전제를 만들다 보니 타락이 필수적인 옵션으로 들어가게 된 것. 혹은 아래의 A 유형처럼 특정한 악행에 계속 심취하는 경우도 있다. 달리 말하자면 타락은 그만큼 흔하고 기본적인 속성이기 때문에 어느 유형에 갖다붙여도 말이 될 정도이다. 그래서 여기서는 타락의 형태보다는 타락의 원인을 정리하며, 다른 유형과 마찬가지로 자의와 타의 모두 존재한다.유형을 분석해 보면 다음과 같다.(A) 권력과 부귀영화의 유혹에 빠진 유형돈과 권력, 또는 힘에 눈이 멀어 동료를 팔거나 신념을 저버리는 것은 고전을 넘어 먼 옛날 이야기부터 등장하는 전형적인 유형이다. 보통 자신만의 고집에 빠졌거나 사회적으로 약자였던 존재들이 우연한 계기로 권력과 재산을 손에 넣고, 이를 통해 손쉽게 인생역전을 하지만 그 대가로 권력에 미쳐버리는 식으로 전개된다. 고전적인 이야기에선 이 즈음에서 벌을 받고 끝나지만, 현대의 작품에서는 슬픈 과거가 회상으로 깔리면서 동정의 여지가 생기기도 한다. 물론 지금까지 벌인 악행이 어느 정도냐에 따라 판단이 갈린다.(번외) 자아도취에 빠져든 유형A 유형과는 조금 다르게, 권력이나 금전적인 이유가 아닌, 광기나 색욕, (슬픈 사연 아닌) 복수 등을 이유로 타락하는 것이다. 일반적으로 맨처음엔 악행이 그렇게까지 심하진 않고 어쩌다 우연히 저지른 경우가 대다수이나, 그것이 나쁘다고 인식하지 못하고 빠져들면서, 처음보다 훨씬 잔혹하고 교활한 악역이 되는 경우가 많다. 물론 처음부터 악행이 심한 경우도 있기는 하다.(B) 소중한 것을 보호하기 위한, 또는 상실해버린 유형사랑했던 사람이나 가족 같은 자신에게 소중한 존재를 잃고 이를 위해 복수하려 들거나, 정신이 붕괴되거나, 혹은 그런 위험에 빠지려 하는 소중한 것을 구하기 위해 손을 더럽히는 유형이다. 독자의 공감을 끌어내기 매우 쉬운 유형이지만, 동시에 상술했듯이 신파극이니 악당 미화니 하며 비난을 받기 쉽기도 하다.대개 자신의 목적을 이루었다며 만족하고 사망하며 살아남는 경우는 거의 없는데, 목숨을 건 노력을 통해 독자들의 눈물샘을 자극하기 때문인 듯. 이는 작가의 스타일에 따라 갈리는데 죽음으로 죄값을 치르거나, 캐릭터의 입장을 고려해 체포되거나 주인공의 배려하에 잠적하는 선에서 그치기도 한다. 후자는 낭만과 모험적인 창작물(ex. 셜록 홈즈 시리즈, 시티헌터)에서, 전자는 현대적인 창작물(ex. 소년탐정 김전일)에서 보이는 편이다.또 귀멸의 칼날에서도 규타로, 아카자 등 이런 악당이 꽤 보이는 편.(C) 가치관이나 신념을 잃고 방황하는 유형물질이 아닌 정신적으로 중요한 것을 잃고 다르게 행동하는 유형이다. 본인이 몸 담았던 조직, 국가가 타락하거나 망했다거나, 믿고 따랐던 사람이 자신의 믿음을 저버렸다는 이유로, 지금까지의 인생에 회의를 품고 정반대로 살아가기를 택하는 경우가 많다. 혹은 괴롭힘이나 학대로 인해 뒤틀리기도 한다. B 유형만큼은 아니지만 나름대로의 논거가 있다는 점에서 역시 지지를 받기 쉽다. 물론, 악당 본인이 등지고 떠난 조직이 악당보다 더 악랄한 경우라면 더욱 동정과 재평가를 받는다.(D) 외부 요인에 의해 타락한 유형본인의 의지와는 관계없이 타인 때문에 타락하는 유형이다. 멋모르고 마력이 잠재된 물건을 손댔다가 세뇌당하거나, 일면식도 없던 악당의 주술에 우연히 재수없게 걸려들어 세뇌당하는 식이다. 옛날옛날 전설에 많이 나오는 패턴인데 우연에 의존하여 개연성이 떨어지기 때문인지, 해당 캐릭터는 비중이 별로 없는 엑스트라였다가 점점 비중이 상승하는 경우가 많다. 혹은 나중에 알고 봤더니 위의 유형들처럼 나름대로의 동기가 있었지만 자제하고 있었는데, 그것을 알고 유혹해 오는 악한 존재에게 굴복했다는 식으로 바뀌기도 한다. 이 경우는 부하형의 D 유형을 참고.하지만 두 경우 모두 '타의'에 의해 타락한, 즉 '배후의 존재'를 암시하기 때문에 최종 보스까지 되진 못하는 경우가 많다. 물론 자신에게 힘을 부여한 존재를 직접 물리치고 주인공과 최종 보스로서 직접 대적하는 경우도 없진 않다. 하지만 그것이 세뇌에서 벗어났지만 본인의 행동에 책임을 지기 위해서였는지, 아니면 흑막의 힘까지 흡수하기 위해서였는지에 따라 평가가 극과 극으로 갈린다. 역시 A 유형과 마찬가지로 전자가 동정은 물론 재평가까지 받기 쉽고, 후자는 더 이상 말할 필요가 없다."
26,스텔라리스/기원,스텔라리스," 소년은, 운명과 만난다-少年は、運命に出会う-D.C. ~다 카포~ 시리즈 정규 5번째 시리즈를 설명하는 문서이다. 배경은 전작 다카포4와 동일한 카가미 섬. 전작처럼 전연령판으로 먼저 발매된다.2024년 9월 18금판 발매예정"
27,이영조(낭만닥터 김사부),낭만닥터 김사부 시리즈/등장인물한국 드라마 캐릭터,1년의 315번째(윤년의 경우 316번째) 날에 해당한다.
28,신경다양성,정체성 정치자폐 스펙트럼,토요타의 직렬 4기통 가솔린 엔진
29,분류:아모리계 국가,셈계 국가사라진 국가,"국가성우야스하라 요시토 → 타다노 요헤이정의한[4]원피스의 등장인물.SSG(해군특수과학반)의 반장. 세계정부가 고용한 천재 과학자로 세계 최고의 두뇌를 가진 사내라고 불린다. 베가펑크의 과학력은 인류가 앞으로 500년에 걸쳐 도달할 영역에 있다고 한다.'세계 최고의 두뇌'라는 이명에 걸맞게 과학뿐만 아니라 수많은 학문에 통달한 석학이다. 과거 빈스모크 저지, 퀸과 함께 불법 연구팀 'MADS'의 일원이었고, 펑크 해저드에서 연구할 당시엔 시저 클라운과 동료였다.과학부대 대장 센토마루를 보디가드로 두고 있다. 과거 센토마루에게 은혜를 베풀었기 때문에, 센토마루는 그에게 충성을 다하고 있다.웃음소리는 '페페페페페페페'."
30,악당/캐릭터/타락형,빌런의 유형,2024년 북한의 미사일 도발을 정리한 문서. 한미연합사령부가 SRBM의 성격을 가진 것으로 간주하는 초대형 방사포도 포함한다.
31,D.C.5 ~다 카포 5~,D.C. ~다 카포~ 시리즈2023년 Windows 게임2023년 PlayStation 4 게임2023년 Nintendo Switch 게임전연령 미소녀 게임에로게,Starfield에 등장하는 무기들을 다루는 문서. 제작진에 따르면 그 어떤 과거 베데스다 게임보다도 많은 종류의 무기가 존재한다고 한다.[1]
32,11월 11일,11월,"前 EBSi 사회탐구[4] 한국사 강사, 역사교사."
33,토요타 RZ 엔진,토요타/엔진,마비노기와 관련된 각종 사건 사고들에 대해 정리하는 문서. 이 문서에 등재되지 않은 사건 사고들을 알아보고 싶다면 각종 팬사이트들을 둘러보고 유추 정리해야 한다.
34,카세 고로,바텐더(만화)/등장인물,1년의 315번째(윤년의 경우 316번째) 날에 해당한다.
35,Dr. 베가펑크,Dr. 베가펑크,"루카 구아다니노 감독 연출, 대니얼 크레이그 주연의 퀴어 영화.소설가 윌리엄 S. 버로스의 동명의 소설을 원작으로 한 작품이다."
36,2024년 북한 미사일 도발,윤석열 정부/사건사고/2024년조선인민군김정은 시대미사일 발사 사건북한/대남 도발레이와 시대바이든 행정부/사건사고푸틴 행정부,"""세상에는 절대로 손님을 배신해선 안되는 일이 두 가지 있습니다. 하나는 의사, 약제사. 그럼 또 하나는? 바텐더. 둘 다 처리 방법에 따라 독도, 그리고 약도 될 수 있는 것을 만들어 팔고 있기 때문이죠.""- 1권 첫 에피소드 ""상냥한 막대기"" 中일본의 만화/애니메이션. 원작 만화는 조 아라키 원작 / 나가모토 켄지 작화이며, 애니메이션 제작은 파름 스튜디오에서 맡았다.바텐더와 손님, 그리고 그 사이에 있는 한 잔의 칵테일(과 술)을 소재로 한 만화. 참고로 원작자인 조 아라키는 또 다른 술 관련 만화인 소믈리에, 소믈리에르의 원작자이기도 하다. 유럽 칵테일 컨테스트 우승자이자 전 파리 리츠 호텔 치프 바텐더인 사사쿠라 류를 주인공으로 이야기를 풀어가며, 대부분의 에피소드는 주인공이 여러 가지 사연을 지닌 손님을 맞아서 거기에 대해 알맞는 술을 내놓는다는 형태이다. 이렇게 '누가 더 능력자인가' 하는 배틀식 전개가 아닌, 손님의 희로애락과 그에 맞는 대응이 주된 요소기 때문에 일반적으로 식도락물의 탈을 쓴 치유계 작품으로 인식되고 있다.술에 대한 전반적인 지식과 바와 칵테일에 대한 상식이 풍부하게 있으며, 국내에 나도는 어설픈 칵테일 입문서보다 훨씬 나은 부분도 있다. 작중 싱글 몰트의 산지에 따른 풍미의 차이에 대한 설명이나, 버번 위스키에 대한 설명 등이 대표적. 작품 특성상 내용에 집중하다 보니 헤어 스타일이나 머리 색에 한계가 있어서 이 사람이고 저 사람이고 비슷해 보일 수 있다.[1]주인공의 별칭이 신의 글라스이다. 신의 물방울과는 아무 상관없다.[2]여담으로 작화 담당인 나가모토 켄지의 그림체의 변화가 인상적인데 회를 넘어갈 수록 그림체가 조금씩 우라사와 나오키 특유의 그림체와 비슷해져가는 것을 볼 수 있다."
37,Dr. 베가펑크/작중 행적,Dr. 베가펑크원피스(만화)/등장인물/작중 행적,잉글랜드의 은퇴한 축구선수.현재는 글렌 머리와 함께 브라이튼 앤 호브 알비온 FC 앰버서더로 활동하고 있다.
38,Starfield(게임)/무기,Starfield(게임)Starfield(게임)/무기,"미국의 성우 겸 성우 감독.미국 애니메이션과 PCB 프로덕션, 컵 오브 티 프로덕션이 더빙하는 일본 게임 위주로 출연하고 있으며, 일본 애니메이션 더빙 커리어는 많이 없지만 주로 Studiopolis의 작품을 맡고 있다."
39,차석찬,대한민국의 역사교사인터넷 강사/EBS대구광역시 출신 인물2013년 사망연안 차씨고려대학교 출신피부암으로 죽은 인물,이터널 리턴의 플레이어블 캐릭터.
40,마비노기/사건 사고,마비노기/사건 사고,"국가성우야스하라 요시토 → 타다노 요헤이정의한[4]원피스의 등장인물.SSG(해군특수과학반)의 반장. 세계정부가 고용한 천재 과학자로 세계 최고의 두뇌를 가진 사내라고 불린다. 베가펑크의 과학력은 인류가 앞으로 500년에 걸쳐 도달할 영역에 있다고 한다.'세계 최고의 두뇌'라는 이명에 걸맞게 과학뿐만 아니라 수많은 학문에 통달한 석학이다. 과거 빈스모크 저지, 퀸과 함께 불법 연구팀 'MADS'의 일원이었고, 펑크 해저드에서 연구할 당시엔 시저 클라운과 동료였다.과학부대 대장 센토마루를 보디가드로 두고 있다. 과거 센토마루에게 은혜를 베풀었기 때문에, 센토마루는 그에게 충성을 다하고 있다.웃음소리는 '페페페페페페페'."
41,11월 11일,11월,"지방공무원법제2조(공무원의 구분) ① 지방자치단체의 공무원(지방자치단체가 경비를 부담하는 지방공무원을 말하며, 이하 ""공무원""이라 한다)은 경력직공무원과 특수경력직공무원으로 구분한다.지방공무원(地方公務員)은 '지방자치단체에 소속되어 봉급을 받으면서 지방자치단체의 사무를 보는 사람'이다. 지방자치단체 또는 교육청에 소속되어 일하는 공무원. 도청, 시청, 군청, 구청, 행정복지센터, 교육청, 보건소 등에서 일하는 대부분의 공무원이 이쪽에 속한다. 즉 각종 인·허가부터 주민등록등본 ​떼는 일 등 일상생활에서 일반인이 접하게 되는 공무원 중 태반은 지방공무원이라 보면 된다. 국가공무원들과는 일하는 곳이 다르고, 급여도 국가공무원은 국가에서 주지만 지방공무원은 지자체에서 준다.정식 명칭은 문서명과 동일한 '지방공무원'이지만 공시생들이나 일선 공무원들이 간단히 구분하기 위해 국가공무원은 '국가직', 지방공무원은 '지방직'으로 부르는 경우가 흔하다.과거 일제강점기 및 군사독재 시절 등에 면사무소에서 근무하던 하급 직원을 통칭하던 '면서기'가 현대까지 이어져서, 21세기 이후에도 다양한 의미[1]로 '면서기'라는 표현이 쓰이곤 한다.서울시 본청, 산하 자치구, 산하 사업소 소속 공무원은 국가공무원이 아닌, 이 지방공무원이다. 서울특별시 및 산하 자치구가 행정안전부나 국무총리실에 직속된 산하 국가 기관이 아니고 별도의 법인격을 갖는 지방자치단체이기 때문이다.직급은 행정직 기준 지방행정서기보(9급), 지방행정서기(8급), 지방행정주사보(7급), 지방행정주사(6급), 지방행정사무관(5급), 지방서기관(4급), 지방부이사관(3급), 지방이사관(2급), 지방관리관(1급) 체계로, 보면 알겠지만 5급까지는 직렬이 들어가지만[2], 4급인 서기관부터는 직렬이 빠지며 직군[3]이 붙고, 3급 부이사관부터는 이마저도 빠진다. 국가공무원은 앞의 '지방' 글자가 빠진다."
42,퀴어(영화),루카 구아다니노미국의 드라마 영화이탈리아의 드라마 영화미국의 퀴어 영화이탈리아의 퀴어 영화미국의 로맨스 영화이탈리아의 로맨스 영화미국의 독립영화소설 원작 영화공개 예정 영화,"남자친구가 군대에 입대한 여자친구들이 모여 남자친구의 전역일, 즉 꽃신 신는 날을 기다리기 위한 네이버카페. '곰신 카페'에서 '곰신'은 고무신의 준말로, 군대에 있는 남자친구를 기다리는 여자친구를 일컫는다. 하지만, 카페명과 달리 입대한 아들을 둔 부모님들과 친구들도 정보 공유를 위해 가입해있기도 하다. 반면 입대한 남자친구는 '군화', 또는 별칭으로 '꾸나'라고 부른다. "
43,분류:아모리계 국가,셈계 국가사라진 국가,"수메르와 아카드, 우르 제3왕조에 이어 메소포타미아 지역을 석권한 고대 국가. '바빌로니아'(Βαβυλωνία, Babylonia)라는 국가명은 수도였던 바빌리(바빌론)에 접미사를 붙여 그리스-라틴식으로 부른 것이었다. 훗날의 신바빌로니아(바빌론 제10왕조)와 구분하여 고바빌로니아, 바빌로니아 제1제국, 바빌론 제1왕조로도 부른다.국가로서의 바빌로니아는 기원전 1894년에 세워졌으며, 건국 초기에는 서셈계 아모리인들이 주도하는 그저 그런 도시국가들 중 하나였다. 그러나 제6대 국왕인 함무라비 재위기에 주변의 엘람, 아시리아, 마리, 라르사 일대를 정복하고 메소포타미아 지역을 석권하면서 강력한 제국으로 떠올랐고, 수도인 바빌론은 한때 '세계의 수도'라고 불릴 정도로 전 세계에서 가장 많은 인구를 자랑했다. 그러다 함무라비 사후 점차 약화되었고, 결국 기원전 1595년에 인근 히타이트 왕국의 침략을 받아 멸망했다."
44,바텐더(만화),바텐더(만화)일본 만화/목록,"Let's play!한 판 붙자!Bibi is a tough punk with a baseball bat and an attitude to match. She's a bit of a nerd too, but she'd never show it. She's got an image to maintain!자신감의 원천인 야구 방망이를 들고 다니는 터프한 펑크족 비비는 살짝 모범생 같은 면모도 있지만 이를 절대 드러내지 않습니다. 이미지 관리라고나 할까요?2019년 5월 22일경에 출시된 브롤러. 야구 배트를 휘두르며 공격한다. '레트로폴리스'에 맞게 엘비스 프레슬리를 연상시키는 복고풍 디자인으로 나온 것이 특징. 다만 록 가수였던 엘비스 프레슬리의 특징은 모티스의 '로커 모티스' 스킨 쪽이 훨씬 잘 답습하고 있다. 아니면 락스타 콜트.[3] 비비의 디자인은 로커보다는 오히려 리젠트와 비슷하게 머리를 말아 올린 일본풍 양아치에 가깝다고 볼 수 있다.[4]"
45,바비 자모라,"1981년 출생1999년 데뷔2016년 은퇴잉글랜드의 남자 축구 선수브라이튼 앤 호브 알비온 FC/은퇴, 이적토트넘 홋스퍼 FC/은퇴, 이적웨스트햄 유나이티드 FC/은퇴, 이적풀럼 FC/은퇴, 이적퀸즈 파크 레인저스 FC/은퇴, 이적바킹 출신 인물","기지 뒤집기 Flip My Base ― 안갯속 표류기미사일 폭격끝없이 플레이어의 구조물에 폭격을 가하는 미사일을 임무 내내 격추해야 합니다.정화 광선적 정화 광선이 지도 전역을 이동하며 주위의 플레이어 유닛을 노립니다.강제 수용권적이 플레이어의 구조물을 파괴한 후 자신의 것으로 만듭니다.스타크래프트 2: 공허의 유산의 게임 모드 협동전 임무의 151주차, 335주차 돌연변이 임무."
46,에덴 리겔,미국 여성 성우1981년 출생1992년 데뷔2019년 데뷔워싱턴 DC 출신 인물하버드 대학교 출신캘리포니아 계열 성우뉴욕 계열 성우유대계 미국인독일계 미국인영국계 미국인,"브롤스타즈의 브롤러 별 성능과 입지를 주관적으로 정리한 문서이다.브롤스타즈에서는 각기 다른 브롤러를 선택하여 게임에 임하게 된다. 때문에 게임의 밸런스를 위해서는 각 브롤러의 성능이 어느 정도 동등하거나 상성 등이 존재하여 어떤 브롤러든 성능이 일정하게 유지되어야 한다. 그러나 성능이 지나치게 좋거나 떨어지는 브롤러가 존재하여, 강력한 브롤러가 특정 모드 혹은 특별 이벤트를 제외한 대부분의 모드[2]에서 범용성이 높거나 좋은 일반/특수 공격, 스타 파워, 가젯 등을 가져 압도적인 모습을 보여준다. 반대로 성능이 떨어지는 브롤러들의 경우 특정 모드 혹은 모든 모드에서 좋지 못한 모습을 보이며, 높은 난이도, 많은 카운터, 저열한 성능 등의 이유로 인해 픽률이 낮고 해당 브롤러가 있는 팀이 불리해지는 경향이 있다.[3][4]"
47,에스텔(이터널 리턴),이터널 리턴/실험체,"지중해 남부의 숨겨진 보물과 같은 아름다운 올리브의 나라 튀니지 북서쪽 Testour 해발 700m 사람들이 발길이 닿지 않는 청정한 무공 자연환경을 자랑하는 도멘아도니스 올리브농장.[1]도멘아도니스는 도멘Domaine은 프랑스어로 농업, 아도니스는 Adonis는 그리스 신화의 [아도니스]를 상징하며 농업의 신이라는 뜻을 가지고 있다. 아도니스는 [아프로디테]와 페르세포네의 사랑을 받은 신으로 죽음과 부활을 상징하며, 셈어로는 군주, 주인이라는 뜻을 가지고 있으며 히브리어로는 나의 신을 의미한다. 힘들었던 역사 속에서 올리브나무는 튀니지인들에게 아낌없이 주는 나무이자 삶의 동반자를 의미하며 튀니지 그 자체이다."
48,Dr. 베가펑크,Dr. 베가펑크,토요타의 직렬 4기통 가솔린 엔진
49,지방공무원,공무원,"내 몸의 일부가 되어라.(わしの体の一部となれ).[14]천박한 것들, 장기의 바다에 빠지거라!(浅はかもの達、瘴気の海に沈め) (원판)어리석은 것들. 내 독기에 범벅이 되어 죽어라! (더빙판)애니메이션 30화이누야샤의 메인 빌런이자 최종 보스."
50,곰신카페,네이버 카페/취미·생활,대한민국의 배우 겸 화가.
51,고바빌로니아,이라크의 역사기원전 16세기 멸망바빌로니아아람계 및 아카드계 국가아모리계 국가이민족 연합국가아시아의 이민족계 왕조,2024년의 가요계를 정리한 문서.
52,비비(브롤스타즈),영웅 브롤러탱커 브롤러,"지중해 남부의 숨겨진 보물과 같은 아름다운 올리브의 나라 튀니지 북서쪽 Testour 해발 700m 사람들이 발길이 닿지 않는 청정한 무공 자연환경을 자랑하는 도멘아도니스 올리브농장.[1]도멘아도니스는 도멘Domaine은 프랑스어로 농업, 아도니스는 Adonis는 그리스 신화의 [아도니스]를 상징하며 농업의 신이라는 뜻을 가지고 있다. 아도니스는 [아프로디테]와 페르세포네의 사랑을 받은 신으로 죽음과 부활을 상징하며, 셈어로는 군주, 주인이라는 뜻을 가지고 있으며 히브리어로는 나의 신을 의미한다. 힘들었던 역사 속에서 올리브나무는 튀니지인들에게 아낌없이 주는 나무이자 삶의 동반자를 의미하며 튀니지 그 자체이다."
53,스타크래프트 2: 공허의 유산/협동전 임무/돌연변이/기지 뒤집기,스타크래프트 2/협동전 임무/돌연변이,"대한민국의 기업인. 아프리카TV의 이사 및 CBO. 원래는 나우콤 원년 멤버는 아니었지만,[4] 나우콤의 새로운 오너가 되면서 나우누리의 나우콤을 지금의 아프리카TV로 정립한 인물이다.많은 사람들에게 종종 '아프리카의 아버지' 또는 '비제이들의 아버지' 로 불리기도 한다. 어떤 사람들은 1인방송 선구자, 1세대들의 극대부분이 아프리카TV 출신이라 '1인방송의 아버지'라고 더 높이 부르기도 한다. 동시에 본인도 BJ로 활동하고 있는데, 베스트BJ도 파트너BJ도 아닌 일반 BJ인데 인지도가 매우 높다고 하여 '일비왕' 이라는 별칭으로 불리기도 한다."
54,브롤스타즈/팁/브롤러 별 티어,브롤스타즈,"기원 (Origin)이란 제국의 근간으로, '이 종족이 은하로 진출하기까지 무슨 일을 겪었는지'에 대한 배경 설정이라 할 수 있다. 단순히 본인들의 발전 끝에 은하로 나왔든, 본 모성에서 떨어져 나와 새로운 행성에 착륙했든, 어떤 외계인들에 의해 강제로 계몽 및 속국화되어 우주에 진출했든지와 같은 이야기들이 해당된다. 게임 시작 전 제국을 생성할 때 오직 한 가지 기원만 선택할 수 있으며, 플레이어가 앞으로 해당 제국을 어떤 방향으로 통치할 것인지에 대한 이정표가 되어 준다.[1]고유기원으로 분류되는 기원은 한 게임에 한 제국만이 가질 수 있는 기원으로 플레이어가 선택했다면 다른 랜덤 생성 AI 제국은 동일한 기원을 가질 수 없다. 하지만 프리셋 제국을 만들고 반드시 출현하게 설정했다면 중복돼서 나올 수 있다.고유성계는 부서진 링 기원의 경우처럼 모성계가 특정한 형태일것을 요구하는 기원이나 솔 또는 데네브 성계 스폰이 확정인 지구 국제 연합이나 인류 연방처럼 고정 지정된 성계에서 시작하게 설정된 것을 말하며 반드시 출현하게 설정해도 중복돼서 나올 수가 없다. 즉, 부서진 링 기원을 가진 제국을 두 개 만들고 고정 출현하게 해도 하나만 나오게 되며 지구 국제 연합과 지구 관리단이 같이 나오는 일은 없다.원시문명 가능은 FTL 이전 문명이 해당 기원을 가지고 출현할 수 있는 기원이다. 가이아 월드인 생명 파종, 강화 해양행성인 해양 낙원, 부서진 링 등이 이에 해당된다. 물론 고유성계 기원은 중복되지 않아서 다른 플레이어가 해당 기원을 들고 올 경우 출현하지 않는다.랜덤 생성 AI 제국은 생성 시 적당히 선택되는데 고유 기원들이 많고 디폴트인 번영한 통합의 가중치가 높아서 번영한 통합이 자주 나온다. 원시 종족은 FTL 기술 획득으로 통상 제국이 되는 시점에서 자동으로 선택하게 되는데, 자력으로 나온 건지, 기존 FTL 제국에게 계몽된 건지에 따라 조금 다르게 책정된다고 한다.스텔라리스 패치 업데이트 및 DLC 컨텐츠 상당수가 그렇듯이, 사실 창작마당 모드에서 편입된 컨텐츠다. Origin Civics, Distant Origin를 비롯해서 제국의 기원이 되는 특수시빅들을 제공하는 유명 모드들이 있었는데, 이러한 모드들의 컨텐츠를 바닐라로 편입한 것이다. 또한 기존의 바닐라 사회제도들 중 내용상 기원에 해당되는 몇 가지는 기원으로 전환되었다."
55,Dr. 베가펑크/작중 행적,Dr. 베가펑크원피스(만화)/등장인물/작중 행적,일본의 배우.
56,Dr. 베가펑크/작중 행적,Dr. 베가펑크원피스(만화)/등장인물/작중 행적,"개그콘서트에서 2012년 7월 15일부터 2013년 1월 27일까지 방영했던 前 코너.진행자 역할이었던 류근지를 제외한 개그콘서트에 소속 중인 개그우먼들이 나와 희극 여배우(개그우먼)로서의 고통과 그 동안 개그콘서트에서 받았던 수모에 대한 한을 푸는 코너이다. 예전에 했었던 남보원 코너의 여성 버전이기도 하다. 다만 개그우먼으로서의 삶에 한정된 부분이므로 약간은 다르다. 오히려 남보원보다는 네가지 여성 버전에 더 가깝다.9월 9일 개그콘서트 방영분부터 류근지는 이희경으로, 허안나는 김영희로 교체되었다. 하지만 2012년 연말에 진행자 이희경에서 정경미로 또 교체되었다.[1]오프닝 곡은 Vangelis의 Conquest of Paradise.2013년 1월 27일 방송분에서 더 이상 고소할 게 없다는 이유로 대단원의 막을 내렸다.정경미의 마지막 코너이다. 2013년 2월 3일 미필적 고의에 출연하였고, 이후 2015년 12월 20일 동창회 특집에 남편 윤형빈과 함께 초능력자에 특별출연했고, 2019년 5월 19일 1000회 특집에 분장실의 강선생님에 출연했다."
57,도멘아도니스,농업,"특수함수의 하나로, ζ(s)\zeta(s)ζ(s)로 표기한다. 리만 가설을 비롯한 여러 해석적 정수론 분야에서 핵심적인 주제인 제타 함수는 다음과 같이 정의된다.ζ(s)=def∑n=1∞1ns=∫1∞1ns d⌊n⌋\displaystyle \zeta(s) \overset{\rm def}= \sum_{n=1}^\infty \frac1{n^s} = \int_1^\infty \frac1{n^s} \,{\rm d} \lfloor n \rfloor ζ(s)=defn=1∑∞​ns1​=∫1∞​ns1​d⌊n⌋[1](단, Re⁡(s)>1\operatorname{Re}(s) > 1Re(s)>1)[2]형태에서 보듯 기본적인 반비례 관계를 멱급수로 변형한 것이다. 이렇다보니 수학자마다 자기 나름대로 마개조를 해서 만든 엄청난 양의 바리에이션이 있다. 왠지 필수요소 같은 느낌이다. 정의역을 복소수로 확장한 리만 제타 함수(리만 가설에서 나오는 그 리만 제타 함수다!)도 그 중 하나.한편, 다음과 같이 합이 아닌 곱의 꼴로도 정의가 가능한데 레온하르트 오일러가 유도했다. 이를 '오일러 곱'이라고 한다. 증명은 성질 문단에 있다. (P\mathbb{P}P는 소수 집합)ζ(s)=∏p ∈ P∞psps−1\displaystyle \zeta(s) = \prod_{p\,\in\,\mathbb P}^\infty \frac{p^s}{p^s-1} ζ(s)=p∈P∏∞​ps−1ps​특히 이 식은 겉보기에는 전혀 소수와 관련이 없어 보이는 제타 함수가 실제로는 소수와 밀접한 관계가 있음을 보여주는 식으로, 베른하르트 리만의 리만 가설 논문의 출발점이 되었다. 존 더비셔의 책 <리만 가설>에서는 '오일러의 황금 열쇠'라고 표현하기까지 했다. 이 식은 잘 알려진 에라토스테네스의 체로부터 직관적으로 이해될 수 있다."
58,토요타 RZ 엔진,토요타/엔진,메디컬TV에서 2008년 4월부터 2017년 12월까지 방송했던 건강 쇼 프로그램이다.
59,나라쿠,나라쿠,"2024년 5월 31일 발매된 ARTMS의 첫 정규 앨범이자, 완전체 정식 데뷔작이다."
60,이혜영(1971),한국 여배우대한민국의 영화 배우한국의 드라마 배우대한민국의 여성 방송인배우 출신 방송인대한민국의 화가1971년 출생1992년 데뷔미추홀구 출신 인물,토요타의 직렬 4기통 가솔린 엔진.
61,2024년 가요계,음악사가요2024년,"더 킹 오브 파이터즈 시리즈의 첫 보스인 루갈 번스타인이 오로치의 힘을 꺼내든 상태일 때를 부르는 이름. KOF 95, KOF 98, KOF 2002, KOF 98 UM, KOF 2002 UM, KOF SKY STAGE 등의 최종 보스이자 KOF XV의 보스 챌린지 모드 등장 보스 중 한 명으로서 그야말로 KOF를 대표하는 보스라 해도 과언이 아니다.취미는 역시 자기와 싸워 패배한 격투가를 동상으로 만들어서 모으는 것[7][8]에 부활이라는 취미가 하나 더 추가됐다. 덕분에 공식 역사상으로 루갈은 오로치의 힘을 제어하지 못하고 스스로 소멸해 버렸지만 '보스의 각성 형태'라는 특징 덕분인지 SNK가 이후 발매하는 KOF 시리즈에 등장하는 보스로서의 루갈은 주로 이 형태로 등장하게 된다.잘 모르는 사실이지만 뒷머리가 날갯죽지까지 내려오는 중단발이다. 등을 보여주는 열풍권, 02 이후의 강 제노 내려긋기, 비즈 디스트럭션 도트를 보면 알 수 있다. 그런데 네오웨이브에서부터는 머리칼 묘사에 문제가 생기기 시작했다. 인게임 도트는 전작의 것들을 우려먹어서 여전히 날갯죽지까지 내려오는 중단발이 유지되었음에도 어째서인지 공식 일러상에선 그냥 어깨까지만 내려온 단발로 그려졌고 이후 98UM, 스카이 스테이지, 올스타 등에 이것이 역수입되어서 대놓고 어깨까지만 내려오는 단발이 되었다. 그나마 2002UM은 다시 좀 더 긴 머리로 돌아오긴 했으나 XV에서는 일러는 물론 아예 인게임 모델링조차 어깨까지만 내려오는 단발로 바뀌어버렸다."
62,도멘아도니스,농업,S2엔터테인먼트 소속 4인조 걸그룹 KISS OF LIFE의 리더.
63,서수길,대한민국의 남성 기업인1967년 출생아프리카TV BJ환일고등학교 출신서울대학교 출신이천 서씨괴산군 출신 인물펜실베이니아 대학교 대학원 출신펜실베이니아 대학교 MBA 출신,안녕하세요. 반한 사람에게 사랑의 묘약을 의뢰받은 마녀입니다.의 여주인공.
64,스텔라리스/기원,스텔라리스,"수메르어𒉌𒋛𒅔𒆠 아랍어إيسن 영어Isin수메르의 도시국가들 중 하나로, 현 디와니야 동남쪽에 위치한다. 기원전 2020년경 우르 제3왕조[1]가 분열되자 우르의 관료였던 이시비 에라가 이신에서 자립하여 우르 제3왕조 최후의 군주였던 이비신을 격파하고, 30여 년 동안 수메르 지역을 통치했다. 이후 반세기 이상 전성기를 누리며 동쪽에 위치한 엘람의 침공으로부터 수메르를 지키던 이신은 점점 분열되기 시작하여 후기에는 니푸르, 라르사, 카잘루에 밀려 영역이 축소되었다. 그러다가 라르사에게 정복되었고, 수로의 변경과 셈계 아모리인 및 카시트인의 파괴를 겪으며 쇠퇴했다. "
65,야마자키 히로나,일본 여배우치바현 출신 인물1994년 출생도호 예능 소속 연예인,"해당 드래프트는 화성 IBK기업은행 알토스의 창단 드래프트를 겸하는 드래프트로 2011년 중앙여자고등학교, 남성여자고등학교, 선명여자고등학교 졸업 대상자를 우선지명을 하고, 그 외 학교 출신 선수들은 5개 구단이 드래프트 순번 추첨 없이 지난 시즌 순위 역순으로 선수들을 지명했다.[1]"
66,희극 여배우들,2013년 종영/개그콘서트 코너,삼성 라이온즈 소속 외야수 김현준의 선수 경력을 서술한 문서.
67,제타 함수,비초등함수정칙함수급수(수학),2025년에 발매하는 몬스터 헌터 시리즈. 디렉터는 몬스터 헌터: 월드의 디렉터였던 토쿠다 유야이다.
68,충전! 행복 플러스,메디컬TV2008년 방송 프로그램2017년 종영,
69,Dall,ARTMS/음반2024년 데뷔 음반한국의 음반한국 댄스 음반출시 예정 음반,일본의 성우 타네자키 아츠미의 출연작을 정리한 문서.
70,라르사,이라크의 유적이라크의 옛 수도아모리계 국가테일즈위버/맵,"구스타프 말러의 6번째 교향곡.말러의 여섯번째 교향곡은 ""비극적""이라는 제목 때문에 많은 오해를 불러일으켰다. 많은 이들은 이 ""비극적""이라는 단어가 말러의 개인적 비극을 가리킨다고 생각하지만 실은 그렇지 않다. 왜냐하면 ""비극적""이 작곡된 시기는 말러의 비극적 터닝포인트였던 1907년이 아니라, 그보다 이전인 1903년이기 때문이다.[1]말러 교향곡 중에서 고전적 형식미와 혁신적인 요소들을 함께 잘 조화시킨 작품으로 그의 교향곡 가운데서도 최고의 작품이라 평가하는 사람들이 많다."
71,틀:ARTMS,ARTMS둘러보기 틀/걸그룹,메소포타미아 문명의 고대 도시. 현재 시리아 데이르에조르 주 아부카말의 북동쪽 외곽에 위치한다.
72,토요타 TZ 엔진,토요타/엔진,토요타의 직렬 4기통 가솔린 엔진.
73,오메가 루갈,루갈 번스타인,"대한민국의 코미디언. 2008년 KBS 23기 공채 개그맨 겸 용감한 녀석들로 활동했던 가수다.굉장히 늦은 나이에 개그맨이 되었지만[3][4] 2010년 시간여행부터 시작하여 감사합니다, 발레리NO, 정여사, 용감한 녀석들 등 히트한 코너들을 많이 배출하여 나이는 숫자에 불과하다는 걸 증명해주는 인물. 코너는 물론 코너에서 나온 유행어 ""감사합니다"", ""어텐션!"", ""브라우니 물어!"" 등이 큰 인기와 유행을 끌었고, 정여사에서 나온 브라우니까지 유행을 타게 되면서 2011년에는 KBS 연예대상 코미디 부문 남자 신인상을 받았다. 2010년대에 개그콘서트가 배출한 스타 중 하나."
74,쥴리(KISS OF LIFE),KISS OF LIFE미국 여가수한국 여가수2000년 출생2023년 데뷔호놀룰루 출신 인물한국계 미국인아이돌 리더아이돌 래퍼복수국적자,마비노기와 관련된 각종 사건 사고들에 대해 정리하는 문서. 이 문서에 등재되지 않은 사건 사고들을 알아보고 싶다면 각종 팬사이트들을 둘러보고 유추 정리해야 한다.
75,로제(안녕하세요. 반한 사람에게 사랑의 묘약을 의뢰받은 마녀입니다.),안녕하세요. 반한 사람에게 사랑의 묘약을 의뢰받은 마녀입니다./등장인물,tvN 월화 드라마 〈선재 업고 튀어〉의 음악을 정리한 문서.
76,이신(고대 도시국가),도시국가이라크의 유적이라크의 옛 수도아모리계 국가,울산광역시 시내버스 노선 중 하나.
77,2010~2011 KOVO 여자 신인선수 드래프트,KOVO 신인선수 드래프트,프로젝트 세카이 컬러풀 스테이지! feat.하츠네 미쿠의 캐릭터 메구리네 루카의 인게임 카드를 정리한 문서이다.
78,김현준(2002)/선수 경력,김현준(2002)/선수 경력,대체역사물에 관련된 이야기를 합니다.1945년 이후 이야기는 현대 대체역사 마이너 갤러리에서 해주시길 바랍니다.― 대문 문구대체역사물 전반에 관해 다루는 디시인사이드의 마이너 갤러리. 대체역사 마이너 갤러리 유저들은 스스로를 '대붕이'라고 칭한다.[2]2020년 12월 14일에는 대피소로 활용할 대체역사 미니 갤러리도 신설하였다. 약칭은 소역갤이다.
79,대짱이,3세대 포켓몬스타팅 포켓몬물타입 포켓몬땅타입 포켓몬메가진화가 가능한 포켓몬,"빅토리 메이플/로나 월드의 아크메이지(썬,콜)에 대해 서술하는 문서."
80,몬스터 헌터 와일즈,몬스터 헌터 시리즈2025년 PS5·XSX 게임2025년 Windows 게임RE 엔진공개 전 정보(게임),
81,마인크래프트 애니메이션,나무위키 마인크래프트 프로젝트,
82,타네자키 아츠미/출연작,외국 성우/활동 내역,
83,교향곡 제6번(말러),구스타프 말러의 작품,
84,마리(유적),시리아의 유적시리아의 옛 수도아카드아모리계 국가,
85,토요타 TZ 엔진,토요타/엔진,
86,정태호,한국 남성 코미디언한국 남가수1978년 출생2008년 데뷔관악구 출신 인물위기탈출 넘버원/역대 MC강동대학교 출신개그콘서트/출연진,
87,마비노기/사건 사고,마비노기/사건 사고,
88,선재 업고 튀어/음악,선재 업고 튀어한국 드라마 음악,
89,울산 버스 743,울산광역시의 시내버스2018년 개업한 버스 노선,
90,메구리네 루카(프로젝트 세카이 컬러풀 스테이지! feat.하츠네 미쿠)/카드,프로젝트 세카이 컬러풀 스테이지! feat.하츠네 미쿠/카드,
91,대체역사 마이너 갤러리,디시인사이드 마이너 갤러리대체역사물역사 커뮤니티웹소설 커뮤니티한국 인터넷 소설 연재처,
92,"빅토리 메이플/아크메이지(썬,콜)","빅토리 메이플아크메이지(썬,콜)",
93,카세 고로,바텐더(만화)/등장인물,
